taxa_raw,taxa_trimmed,taxa_replacement,taxa_removed,taxa_clean,rank,authority,authority_id,score,difference
Asterionellopsis glacialis,NA,NA,NA,Asterionellopsis glacialis,Species,World Register of Marine Species,149139,0.988,NA
Ceratium,NA,NA,NA,Ceratium,Genus,World Register of Marine Species,109506,0.75,NA
Chaetoceros,NA,NA,NA,Chaetoceros,Genus,World Register of Marine Species,148985,0.75,NA
Corethron hystrix,NA,NA,NA,Corethron hystrix,Species,World Register of Marine Species,179596,0.988,NA
Cylindrotheca,NA,NA,NA,Cylindrotheca,Genus,World Register of Marine Species,149003,0.75,NA
Dactyliosolen fragilissimus,NA,NA,NA,Dactyliosolen fragilissimus,Species,World Register of Marine Species,149310,0.988,NA
Dactyliosolen blavyanus,NA,NA,NA,Dactyliosolen blavyanus,Species,World Register of Marine Species,179786,0.988,NA
Dictyocha,NA,NA,NA,Dictyocha,NA,World Register of Marine Species,NA,0.75,NA
Dinobryon,NA,NA,NA,Dinobryon,NA,World Register of Marine Species,NA,0.75,NA
Ditylum brightwellii,NA,NA,NA,Ditylum brightwellii,Species,World Register of Marine Species,149023,0.988,NA
Ephemera,NA,NA,NA,Ephemera,Genus,World Register of Marine Species,291403,0.75,NA
Eucampia cornuta,NA,NA,NA,Eucampia cornuta,Species,World Register of Marine Species,248058,0.988,NA
Guinardia delicatula,NA,NA,NA,Guinardia delicatula,Species,World Register of Marine Species,149112,0.988,NA
Guinardia flaccida,NA,NA,NA,Guinardia flaccida,Species,World Register of Marine Species,149132,0.988,NA
Leptocylindrus,NA,NA,NA,Leptocylindrus,Genus,World Register of Marine Species,149038,0.75,NA
Pleurosigma,NA,NA,NA,Pleurosigma,Genus,World Register of Marine Species,149181,0.75,NA
Pseudo-nitzschia,NA,NA,NA,Pseudo-nitzschia,Genus,World Register of Marine Species,149151,0.75,NA
Rhizosolenia,NA,NA,NA,Rhizosolenia,Genus,World Register of Marine Species,149069,0.75,NA
Skeletonema,NA,NA,NA,Skeletonema,Genus,World Register of Marine Species,149073,0.75,NA
Thalassionema,NA,NA,NA,Thalassionema,Genus,World Register of Marine Species,149092,0.75,NA
Thalassiosira,NA,NA,NA,Thalassiosira,Genus,World Register of Marine Species,148912,0.75,NA
bad,NA,NA,NA,NA,NA,NA,NA,NA,NA
detritus,NA,NA,NA,NA,NA,NA,NA,NA,NA
mix,NA,NA,NA,NA,NA,NA,NA,NA,NA
cryptophyta,NA,NA,NA,Cryptophyta,Phylum,World Register of Marine Species,17638,0.75,NA
Dinophysis,NA,NA,NA,Dinophysis,Genus,World Register of Marine Species,109462,0.75,NA
Euglena,NA,NA,NA,Euglena,Genus,World Register of Marine Species,8012,0.75,NA
flagellate,NA,NA,NA,NA,NA,NA,NA,NA,NA
Gyrodinium,NA,NA,NA,Gyrodinium,Genus,World Register of Marine Species,109476,0.75,NA
Lauderia annulata,NA,NA,NA,Lauderia annulata,Species,World Register of Marine Species,149135,0.988,NA
Licmophora,NA,NA,NA,Licmophora,Genus,World Register of Marine Species,149342,0.75,NA
Phaeocystis,NA,NA,NA,Phaeocystis,Genus,World Register of Marine Species,115088,0.75,NA
Prorocentrum,NA,NA,NA,Prorocentrum,Genus,World Register of Marine Species,109566,0.75,NA
Pyramimonas,NA,NA,NA,Pyramimonas,Genus,World Register of Marine Species,134529,0.75,NA
Stephanopyxis,NA,NA,NA,Stephanopyxis,Genus,World Register of Marine Species,149630,0.75,NA
other,NA,NA,NA,NA,NA,NA,NA,NA,NA
Cerataulina pelagica,NA,NA,NA,Cerataulina pelagica,Species,World Register of Marine Species,149619,0.988,NA
Coscinodiscus,NA,NA,NA,Coscinodiscus,Genus,World Register of Marine Species,148917,0.75,NA
Gonyaulax,NA,NA,NA,Gonyaulax,Genus,World Register of Marine Species,109519,0.75,NA
Odontella,NA,NA,NA,Odontella,Genus,World Register of Marine Species,148963,0.75,NA
Guinardia striata,NA,NA,NA,Guinardia striata,Species,World Register of Marine Species,149113,0.988,NA
Paralia sulcata,NA,NA,NA,Paralia sulcata,Species,World Register of Marine Species,149055,0.988,NA
Hemiaulus,NA,NA,NA,Hemiaulus,Genus,World Register of Marine Species,956056,0.75,NA
Chaetoceros didymus,NA,NA,NA,Chaetoceros didymus,Species,World Register of Marine Species,149122,0.988,NA
Leptocylindrus mediterraneus,NA,NA,NA,Leptocylindrus mediterraneus,Species,World Register of Marine Species,149230,0.988,NA
Parvicorbicula socialis,NA,NA,NA,NA,NA,NA,NA,NA,NA
Delphineis,NA,NA,NA,Delphineis,Genus,World Register of Marine Species,149179,0.75,NA
amoeba,NA,NA,NA,Amoeba,Genus,World Register of Marine Species,120533,0.75,NA
Euplotes sp,NA,NA,NA,Euplotes,Genus,World Register of Marine Species,179326,0.75,NA
Laboea strobila,NA,NA,NA,Laboea strobila,Species,World Register of Marine Species,101264,0.988,NA
Leegaardiella ovalis,NA,NA,NA,Leegaardiella ovalis,Species,World Register of Marine Species,101206,0.988,NA
Strombidium capitatum,NA,NA,NA,Strombidium capitatum,Species,World Register of Marine Species,101282,0.988,NA
Strombidium conicum,NA,NA,NA,Strombidium conicum,Species,World Register of Marine Species,101289,0.988,NA
Strombidium inclinatum,NA,NA,NA,Strombidium inclinatum,Species,World Register of Marine Species,428332,0.988,NA
Strombidium oculatum,NA,NA,NA,Strombidium oculatum,Species,World Register of Marine Species,101320,0.988,NA
Strombidium wulffi,NA,NA,NA,Strombidium wulffi,Species,World Register of Marine Species,101344,0.988,NA
Tiarina fusus,NA,NA,NA,Tiarina fusus,Species,World Register of Marine Species,247943,0.988,NA
Tintinnida,NA,NA,NA,Tintinnida,Order,World Register of Marine Species,425497,0.75,NA
Tontonia appendiculariformis,NA,NA,NA,Tontonia appendiculariformis,Species,World Register of Marine Species,101345,0.988,NA
Tontonia gracillima,NA,NA,NA,Tontonia gracillima,Species,World Register of Marine Species,101347,0.988,NA
Akashiwo,NA,NA,NA,Akashiwo,NA,World Register of Marine Species,NA,0.75,NA
Bacillaria,NA,NA,NA,Bacillaria,Genus,World Register of Marine Species,149148,0.75,NA
Cochlodinium,NA,NA,NA,Cochlodinium,Genus,World Register of Marine Species,109474,0.75,NA
Chrysochromulina,NA,NA,NA,Chrysochromulina,Genus,World Register of Marine Species,115090,0.75,NA
Emiliania huxleyi,NA,NA,NA,NA,NA,NA,NA,NA,NA
Heterocapsa rotundata,NA,NA,NA,NA,NA,NA,NA,NA,NA
Heterocapsa triquetra,NA,NA,NA,NA,NA,NA,NA,NA,NA
Karenia,NA,NA,NA,Karenia,Genus,World Register of Marine Species,231788,0.75,NA
Protoperidinium,NA,NA,NA,Protoperidinium,Genus,World Register of Marine Species,109553,0.75,NA
Pseudochattonella farcimen,NA,NA,NA,NA,NA,NA,NA,NA,NA
Pyramimonas longicauda,NA,NA,NA,NA,NA,NA,NA,NA,NA
flagellate sp1,NA,NA,NA,NA,NA,NA,NA,NA,NA
flagellate sp3,NA,NA,NA,NA,NA,NA,NA,NA,NA
bead,NA,NA,NA,NA,NA,NA,NA,NA,NA
bubble,NA,NA,NA,NA,NA,NA,NA,NA,NA
pollen,NA,NA,NA,NA,NA,NA,NA,NA,NA
camera spot,NA,NA,NA,NA,NA,NA,NA,NA,NA
Corymbellus,NA,NA,NA,Corymbellus,NA,World Register of Marine Species,NA,0.75,NA
Dinophyceae,NA,NA,NA,Dinophyceae,Class,World Register of Marine Species,19542,0.75,NA
Chrysochromulina lanceolata,NA,NA,NA,NA,NA,NA,NA,NA,NA
Bacillariophyceae,NA,NA,NA,Bacillariophyceae,Class,World Register of Marine Species,148899,0.75,NA
Didinium,NA,NA,NA,Didinium,Genus,World Register of Marine Species,341301,0.75,NA
Mesodinium,NA,NA,NA,Mesodinium,Genus,World Register of Marine Species,179320,0.75,NA
Pleuronema,NA,NA,NA,Pleuronema,Genus,World Register of Marine Species,163556,0.75,NA
Strobilidium,NA,NA,NA,Strobilidium,NA,World Register of Marine Species,NA,0.75,NA
Strombidium sp1,NA,NA,NA,Strombidium,Genus,World Register of Marine Species,101195,0.75,NA
Strombidium sp2,NA,NA,NA,Strombidium,Genus,World Register of Marine Species,101195,0.75,NA
Amphidinium,NA,NA,NA,Amphidinium,Genus,World Register of Marine Species,109473,0.75,NA
Biddulphia,NA,NA,NA,Biddulphia,Genus,World Register of Marine Species,148967,0.75,NA
Katodinium or Torodinium,NA,NA,NA,Katodinium,Genus,World Register of Marine Species,109477,0.75,NA
Proterythropsis sp,NA,NA,NA,Proterythropsis,NA,World Register of Marine Species,NA,0.75,NA
Balanion,NA,NA,NA,Balanion,Genus,World Register of Marine Species,292899,0.75,NA
Eutintinnus,NA,NA,NA,Eutintinnus,Genus,World Register of Marine Species,183543,0.75,NA
Favella,NA,NA,NA,Favella,Genus,World Register of Marine Species,172431,0.75,NA
Helicostomella subulata,NA,NA,NA,Helicostomella subulata,Species,World Register of Marine Species,240437,0.988,NA
Stenosemella sp1,NA,NA,NA,Stenosemella,Genus,World Register of Marine Species,178825,0.75,NA
Stenosemella pacifica,NA,NA,NA,Stenosemella pacifica,Species,World Register of Marine Species,417165,0.988,NA
Tintinnidium mucicola,NA,NA,NA,Tintinnidium mucicola,Species,World Register of Marine Species,247944,0.988,NA
Calciopappus,NA,NA,NA,Calciopappus,NA,World Register of Marine Species,NA,0.75,NA
Syracosphaera pulchra,NA,NA,NA,NA,NA,NA,NA,NA,NA
Apedinella,NA,NA,NA,Apedinella,NA,World Register of Marine Species,NA,0.75,NA
Alexandrium,NA,NA,NA,Alexandrium,Genus,World Register of Marine Species,109470,0.75,NA
Vicicitus globosus,NA,NA,NA,NA,NA,NA,NA,NA,NA
Tintinnopsis,NA,NA,NA,Tintinnopsis,Genus,World Register of Marine Species,163780,0.75,NA
pennate morphotype1,NA,NA,NA,NA,NA,NA,NA,NA,NA
Ophiaster,NA,NA,NA,Ophiaster,Genus,World Register of Marine Species,115081,0.75,NA
Ciliate mix,NA,NA,NA,NA,NA,NA,NA,NA,NA
mix elongated,NA,NA,NA,NA,NA,NA,NA,NA,NA
pennate,NA,NA,NA,NA,NA,NA,NA,NA,NA
Acanthoica quattrospina,NA,NA,NA,NA,NA,NA,NA,NA,NA
Radiozoa,NA,NA,NA,Radiozoa,NA,World Register of Marine Species,NA,0.75,NA
Bacteriastrum,NA,NA,NA,Bacteriastrum,Genus,World Register of Marine Species,149118,0.75,NA
zooplankton,NA,NA,NA,NA,NA,NA,NA,NA,NA
Chaetoceros peruvianis,NA,NA,NA,Chaetoceros peruvianus,Species,World Register of Marine Species,178185,0.75,NA
Chaetoceros debilis,NA,NA,NA,Chaetoceros debilis,Species,World Register of Marine Species,149219,0.988,NA
Chaetoceros curvusetus,NA,NA,NA,Chaetoceros curvisetus,Species,World Register of Marine Species,149221,0.75,NA
Chaetoceros socialis,NA,NA,NA,Chaetoceros socialis,Species,World Register of Marine Species,149123,0.988,NA
Chaetoceros subtilis,NA,NA,NA,Chaetoceros subtilis,Species,World Register of Marine Species,156621,0.988,NA
Chaetoceros danicus,NA,NA,NA,Chaetoceros danicus,Species,World Register of Marine Species,149120,0.988,NA
Chaetoceros concavicornis,NA,NA,NA,Chaetoceros concavicornis,Species,World Register of Marine Species,156607,0.988,NA
Oxytoxum,NA,NA,NA,Oxytoxum,Genus,World Register of Marine Species,109528,0.75,NA
